empresa;nome;endereco;bairro;cidade;estado;cep;latitude;longitude;data_extracao
petz;petz abelardo bueno;av. embaixador abelardo bueno, 3140;barra da tijuca;rio de janeiro;RJ;22775-040;;;08/10/2025
petz;petz aclimacao;rua muniz de sousa, 450;aclimacao;sao paulo;SP;01534-000;;;08/10/2025
petz;petz afonso pena;av. afonso pena, 1022;amambai;campo grande;MS;79005-671;;;08/10/2025
petz;petz agamenon;av. gov. agamenon magalhaes, 3855;santo amaro;recife;PE;50050-290;;;08/10/2025
petz;petz aguas claras;av. sibipiruna, 4;aguas claras;brasilia;DF;71928-720;;;08/10/2025
petz;petz alameda santos;alameda santos, 637;cerqueira cesar;sao paulo;SP;01419-001;;;08/10/2025
petz;petz aldeota;av. barao de studart, 999;aldeota;fortaleza;CE;60120-001;;;08/10/2025
petz;petz alphaville;av. alphaville, 580;alphaville;barueri;SP;06472-010;;;08/10/2025
petz;petz alto da boa vista;av. adolfo pinheiro, 1600;santo amaro;sao paulo;SP;04734-004;;;08/10/2025
petz;petz americana;av. paulista, 985;vila nossa sra. de fatima;americana;SP;13478-580;;;08/10/2025
petz;petz ana costa;avenida ana costa, 215;gonzaga;santos;SP;11060-001;;;08/10/2025
petz;petz analia franco;av. regente feijo, 677;vila regente feijo;sao paulo;SP;03342-000;;;08/10/2025
petz;petz angelica;av. angelica, 2011;higienopolis;sao paulo;SP;01227-200;;;08/10/2025
petz;petz anhaia mello;av. prof. luiz ignacio anhaia mello, 5657                                              - junto ao roldao;vila graciosa;sao paulo;SP;03295-000;;;08/10/2025
petz;petz aracaju;av. ministro geraldo barreto sobral, 140;jardins;aracaju;SE;49026-900;;;08/10/2025
petz;petz aracatuba;av. brasilia, 2737;vila sao paulo;aracatuba;SP;16018-000;;;08/10/2025
petz;petz araraquara;av.padre francisco salles culturato, 1272;centro;araraquara;SP;14802-000;;;08/10/2025
petz;petz aruja;estrada de santa isabel, 1278                                              - parque nossa sra. do carmo;brasil;aruja;SP;07432-575;;;08/10/2025
petz;petz assai anchieta;rua garcia lorca, 301;pauliceia;sao bernardo do campo;SP;09695-000;;;08/10/2025
petz;petz assai colinas;av. jorge zarur, 100;jardim apolo;sao jose dos campos;SP;12243-081;;;08/10/2025
petz;petz assai maracana;rua jose higino, 115                                              - dentro do assai maracana;maracana;rio de janeiro;RJ;20520-201;;;08/10/2025
petz;petz assai penha;av. sao miguel, 962;penha de franca;sao paulo;SP;03620-000;;;08/10/2025
petz;petz assis chateaubriand;av. assis chateaubriand, 17;st. oeste;goiania;GO;74130-015;;;08/10/2025
petz;petz augusta;rua augusta , 215;bela vista;sao paulo;SP;01305-000;;;08/10/2025
petz;petz avenida das americas recreio;avenida das americas, 12700;barra da tijuca;rio de janeiro;RJ;22793-329;;;08/10/2025
petz;petz avenida do contorno;av. do contorno, 2171;santa efigenia;belo horizonte;MG;30110-017;;;08/10/2025
petz;petz avenida dos estados;av. dos estados, 6973;parque jacatuba;santo andre;SP;09270-270;;;08/10/2025
petz;petz avenida goias;avenida goias, 889;santo antonio;sao caetano do sul;SP;09521-310;;;08/10/2025
petz;petz avenida interlagos;av. interlagos, 2000;jardim marajoara;sao paulo;SP;04660-002;;;08/10/2025
petz;petz avenida milao;av. milao, 531;jardim europa;goiania;GO;74325-030;;;08/10/2025
petz;petz balneario camboriu;av. do estado dalmo vieira, 4888;estados;balneario camboriu;SC;88339-060;;;08/10/2025
petz;petz bandeirantes;av. dos bandeirantes, 2040;vila olimpia;sao paulo;SP;04553-902;;;08/10/2025
petz;petz bangu shopping;rua fonseca, 240                                              - area ext, proximo a portaria 2;bangu;rio de janeiro;RJ;21820-005;;;08/10/2025
petz;petz barra americas;avenida das americas, 6571                                              - lote 02 pal 45164;barra da tijuca;rio de janeiro;RJ;22793-080;;;08/10/2025
petz;petz barreiro;av. sinfronio brochado, 1200;barreiro;belo horizonte;MG;30640-000;;;08/10/2025
petz;petz bauru;rua rubens pagani , 444;jardim estoril;bauru;SP;17016-210;;;08/10/2025
petz;petz belem;av. nª sra. de nazare, 139;nazare;belem;PA;66035-445;;;08/10/2025
petz;petz belford roxo;av. jorge julio da costa dos santos, 971;centro;belford roxo;RJ;26130-010;;;08/10/2025
petz;petz bento goncalves;r. fortaleza, 362;botafogo;bento goncalves;RS;95700-000;;;08/10/2025
petz;petz bestcenter jacarei;r. barao de jacarei, 625;jardim mesquita;jacarei;SP;12308-000;;;08/10/2025
petz;petz betim;av. juiz marco tulio isaac, 470;parque das industrias;betim;MG;32671-072;;;08/10/2025
petz;petz blumenau;r. sao paulo, 1629;itoupava seca;blumenau;SC;89030-001;;;08/10/2025
petz;petz boa viagem;rua professor joao medeiros, 139;boa viagem;recife;PE;51020-000;;;08/10/2025
petz;petz bosque maia;av. paulo faccini, 1385;macedo;guarulhos;SP;07111-000;;;08/10/2025
petz;petz botafogo;rua general polidoro, 113;botafogo;rio de janeiro;RJ;22280-004;;;08/10/2025
petz;petz botucatu;av. dr. vital brasil, 645;vila sao lucio;botucatu;SP;18603-193;;;08/10/2025
petz;petz brasilia asa norte;st stn, conjunto d, bloco 2/b, s/n                                              - terminal norte conj d bloco2/b;asa norte;brasilia;DF;70770-100;;;08/10/2025
petz;petz brasilia epia;epia sul, , lote 3;candangolandia;brasilia;DF;71738-010;;;08/10/2025
petz;petz brasilia jardim botanico;av. das paineiras - q. 1 lote e , s/n                                              - proximo a paroquia santa clara;jardim botanico;brasilia;DF;71681-025;;;08/10/2025
petz;petz brasilia sia;sia trecho 02, lotes 65/95 , 65/95;guara i;brasilia;DF;71200-207;;;08/10/2025
petz;petz brasilia w3 norte;comercio residencial norte, 502;shcn;brasilia;DF;70297-400;;;08/10/2025
petz;petz brusque;r. pref. germano schaeffer, 755;centro 1;brusque;SC;88353-020;;;08/10/2025
petz;petz bueno t63;av t63, s/n                                              - quadra 143 lote 4/13;setor bueno;goiania;GO;74230-105;;;08/10/2025
petz;petz butanta;av. professor francisco morato, 1796                                              - 1798;butanta;sao paulo;SP;05512-200;;;08/10/2025
petz;petz cambui;av. doutor moraes sales, 2326;nova campinas;campinas;SP;13100-201;;;08/10/2025
petz;petz campinas norte sul;av jose de sousa campos, 200;nova campinas;campinas;SP;13092-123;;;08/10/2025
petz;petz campo grande;av. afonso pena, 5420;chacara cachoeira;campo grande;MS;79040-010;;;08/10/2025
petz;petz campo grande rio;estrada da cachamorra, 200;campo grande;rio de janeiro;RJ;23040-125;;;08/10/2025
petz;petz canoas;avenida getulio vargas, 6401;marechal rondon;canoas;RS;92020-020;;;08/10/2025
petz;petz caraguatatuba;rua vereador antonio cruz arouca, 200;indaia;caraguatatuba;SP;11665-100;;;08/10/2025
petz;petz carapicuiba;avenida inocencio serafico, 3375;vila silva ribeiro;carapicuiba;SP;06380-021;;;08/10/2025
petz;petz carlos berta;r. antonio carlos berta, 151;jardim europa;porto alegre;RS;91340-020;;;08/10/2025
petz;petz carlos luz;avenida presidente carlos luz, 710;caicaras;belo horizonte;MG;31230-010;;;08/10/2025
petz;petz carrefour anchieta;av .marginal direita anchieta, 3398;jardim maria estela;sao paulo;SP;04246-900;;;08/10/2025
petz;petz carrefour imigrantes;r. ribeiro lacerda, 940                                              - estacionamento g3 carrefour;bosque da saude;sao paulo;SP;04147-020;;;08/10/2025
petz;petz carrefour manilha;r. oliveira botelho, 349                                              - dentro do carrefour manilha;neves;sao goncalo;RJ;24425-005;;;08/10/2025
petz;petz carrefour ribeirao shopping;av coronel fernando ferreira leite, 1540                                              - ribeirao shopping;jardim california;ribeirao preto;SP;14026-020;;;08/10/2025
petz;petz carrefour sao caetano;avenida do estado, 1750                                              - junto ao carrefour;fundacao;sao caetano do sul;SP;09550-400;;;08/10/2025
petz;petz carrefour tiete;av. morvan dias de figueiredo, 3177;vila guilherme;sao paulo;SP;02063-902;;;08/10/2025
petz;petz cascavel;avenida brasil, 4254;centro;cascavel;PR;85812-000;;;08/10/2025
petz;petz castelo;av. pres. tancredo neves, 3005;paqueta;belo horizonte;MG;30840-535;;;08/10/2025
petz;petz catuai londrina;rod. mabio goncalves palhano, 195                                              - em frente ao catuai shopping;gleba fazenda palhano;londrina;PR;86055-585;;;08/10/2025
petz;petz cavalhada;av. eduardo prado, 415;cavalhada;porto alegre;RS;91751-000;;;08/10/2025
petz;petz caxias do sul;av rubens bento alves, 8457;cinquentenario;caxias do sul;RS;95012-393;;;08/10/2025
petz;petz ceilandia;st. m-norte , q 1;taguatinga;brasilia;DF;72145-100;;;08/10/2025
petz;petz center minas;av. pastor anselmo silvestre, 1395 , 1495                                              - shopping center minas;dom joaquim;belo horizonte;MG;31170-678;;;08/10/2025
petz;petz center shopping uberlandia;av. joao naves de avila, 1331;tibery;uberlandia;MG;38405-140;;;08/10/2025
petz;petz cerro cora;rua cerro cora, 1950;vila romana;sao paulo;SP;05061-300;;;08/10/2025
petz;petz chapeco;av. fernando machado, 1001d;centro;chapeco;SC;89802-111;;;08/10/2025
petz;petz cidade jardim;av dos tajuras, 147                                              - 161;cidade jardim;sao paulo;SP;05670-000;;;08/10/2025
petz;petz congonhas;av. moreira guimaraes,  631                                               - 657;indianopolis;sao paulo;SP;04074-030;;;08/10/2025
petz;petz contagem;av. babita camargos, 1295                                              - loja 03;cidade industrial;contagem;MG;32210-180;;;08/10/2025
petz;petz contagem joao cesar;av. joao cesar de oliveira, 5750;funcionarios;contagem;MG;32040-000;;;08/10/2025
petz;petz continente;r. martinho boschetti, 2083;picadas do sul;sao jose;SC;88106-110;;;08/10/2025
petz;petz copacabana;av. nossa senhora de copacabana, 1246;copacabana;rio de janeiro;RJ;22070-012;;;08/10/2025
petz;petz cotia;rodovia raposo tavares km 21, 5650                                              - acesso tambem pela rua damasco;lageadinho;cotia;SP;06709-015;;;08/10/2025
petz;petz criciuma;av. centenario, 6323;prospera;criciuma;SC;88801-001;;;08/10/2025
petz;petz cristiano machado;av. cristiano machado, 10688;jardim guanabara;belo horizonte;MG;31742-005;;;08/10/2025
petz;petz diadema;av. fabio eduardo ramos esquivel, 1100;centro;diadema;SP;09920-578;;;08/10/2025
petz;petz diario de noticias;avenida diario de noticias, 1500;cristal;porto alegre;RS;90810-080;;;08/10/2025
petz;petz divinopolis;r. minas gerais, 640;centro;divinopolis;MG;35500-007;;;08/10/2025
petz;petz djalma batista;av. djalma batista, 3000;chapada;manaus;AM;69050-010;;;08/10/2025
petz;petz dom pedro;av. guilherme campos, 500                                              - shopping parque dom pedro;centro (pq dom pedro shopping);campinas;SP;13087-901;;;08/10/2025
petz;petz dourados;av. marcelino pires, 4226;jardim caramuru;dourados;MS;79830-000;;;08/10/2025
petz;petz edgar faco;av. gen. edgar faco, 848;vila arcadia;sao paulo;SP;02924-400;;;08/10/2025
petz;petz enseada;av. dom pedro i, s/n                                              - lote 1 e 2;enseada;guaruja;SP;11440-110;;;08/10/2025
petz;petz estacao goiania;avenida goias, 2151                                              - qd 21, lote. area compl. qd 2.;setor central;goiania;GO;74010-010;;;08/10/2025
petz;petz fernando correa;avenida fernando correa da costa, 1682;pico do amor;cuiaba;MT;78065-000;;;08/10/2025
petz;petz ferraz de vasconcelos;avenida brasil, 2015;vila romanopolis;ferraz de vasconcelos;SP;08529-310;;;08/10/2025
petz;petz florianopolis;rodovia jose carlos daux, 5500                                              - square sc corporate;saco grande;florianopolis;SC;88032-005;;;08/10/2025
petz;petz foz do iguacu;av. parana, 1314;regiao central;foz do iguacu;PR;85863-754;;;08/10/2025
petz;petz franca;av. dr. ismael alonso y alonso, 450;jardim veneza;franca;SP;14400-190;;;08/10/2025
petz;petz gama leste;sind qi 1 - pte. alta norte, s/n;gama;brasilia;DF;72445-010;;;08/10/2025
petz;petz gastao vidigal;av. dr. gastao vidigal, 1555;vila leopoldina;sao paulo;SP;05314-000;;;08/10/2025
petz;petz gilberto salomao;bl. f, shis qi 5 conjunto 16, 5;lago sul;brasilia;DF;71615-560;;;08/10/2025
petz;petz giovanni gronchi;av. giovanni gronchi, 3280;vila sonia;sao paulo;SP;05651-002;;;08/10/2025
petz;petz giovanni pirelli;rua giovanni  battista pirelli, 1645;vila homero thon;santo andre;SP;09111-340;;;08/10/2025
petz;petz governador valadares;av. brasil, 3611;centro;governador valadares;MG;35010-070;;;08/10/2025
petz;petz gravatai;av. dorival candido luz de oliveira, 900                                              - cohab c;centro;gravatai;RS;94030-000;;;08/10/2025
petz;petz guaruja;av. adhemar de barros, 1935;jardim helena maria;guaruja;SP;11430-003;;;08/10/2025
petz;petz guarulhos;av. guarulhos, 2598;ponte grande;guarulhos;SP;07022-020;;;08/10/2025
petz;petz guarulhos pimentas;estr. juscelino kubtischek de oliv., 4380;jardim albertina;guarulhos;SP;07252-000;;;08/10/2025
petz;petz hiper sales aracaju;av. augusto franco, 2500;ponto novo;aracaju;SE;49097-670;;;08/10/2025
petz;petz hortolandia;av. santana, 970;parque ortolandia;hortolandia;SP;13184-210;;;08/10/2025
petz;petz iguatemi esplanada;av.  gisele constantino, 1850                                              - shopping iguatemi esplanada;parque bela vista;votorantim;SP;18110-650;;;08/10/2025
petz;petz ilha do governador;estrada do galeao, 1770;jardim carioca;rio de janeiro;RJ;21931-524;;;08/10/2025
petz;petz indaiatuba;alameda filtros mann, 670                                               - polo shopping indaiatuba;jardim tropical;indaiatuba;SP;13344-580;;;08/10/2025
petz;petz independencia shopping;av. presidente itamar franco, 3600;cascatinha;juiz de fora;MG;36025-290;;;08/10/2025
petz;petz ipatinga;av claudio moura, 801;novo cruzeiro;ipatinga;MG;35164-840;;;08/10/2025
petz;petz ipiranga;av. presidente tancredo neves, 600;ipiranga;sao paulo;SP;04287-010;;;08/10/2025
petz;petz itaim;r. bandeira paulista, 982;itaim bibi;sao paulo;SP;04532-003;;;08/10/2025
petz;petz itajai;av. ver. abrahao joao francisco, 3400;ressacada;itajai;SC;88307-302;;;08/10/2025
petz;petz itanhaem;av. rui barbosa, 540;centro;itanhaem;SP;11740-000;;;08/10/2025
petz;petz itapecerica;estr. de itapecerica, 944;vila das belezas;sao paulo;SP;05835-003;;;08/10/2025
petz;petz itapetininga;av. peixoto gomide, 317;centro;itapetininga;SP;18200-160;;;08/10/2025
petz;petz itatiba;avenida marechal castelo branco, 55;jardim de lucca;itatiba;SP;13255-350;;;08/10/2025
petz;petz itu;av. dr. otaviano pereira mendes, 1254;liberdade;itu;SP;13301-000;;;08/10/2025
petz;petz jaboatao dos guararapes;av. ayrton senna da silva, 1485;piedade;jaboatao dos guararapes;PE;54420-700;;;08/10/2025
petz;petz jacu pessego;av jacu pessego , 4710;itaquera;sao paulo;SP;08215-115;;;08/10/2025
petz;petz jaguare;avenida corifeu de azevedo marques, 4529                                              - lado impar da corifeu;vila lageado;sao paulo;SP;05339-003;;;08/10/2025
petz;petz jardim botanico;r. jardim botanico, 733;lagoa;rio de janeiro;RJ;22470-051;;;08/10/2025
petz;petz jardim icarai;r. dr. paulo cesar, 249;santa rosa;niteroi;RJ;24240-000;;;08/10/2025
petz;petz jau;avenida doutor quinzinho , 51;chacara peccioli;jau;SP;17210-110;;;08/10/2025
petz;petz joao firmino;av. joao firmino, 342;assuncao;sao bernardo do campo;SP;09810-250;;;08/10/2025
petz;petz joao pessoa;av. senador ruy carneiro, 711;tambau;joao pessoa;PB;58039-180;;;08/10/2025
petz;petz joinville;r. dr. joao colin, 940;america;joinville;SC;89204-070;;;08/10/2025
petz;petz juiz de fora;avenida rio branco, 3820;alto dos passos;juiz de fora;MG;36026-500;;;08/10/2025
petz;petz jundiai;av. antonio frederico ozanan, 3003                                              - junto ao atacadista roldao;vila de vito;jundiai;SP;13215-010;;;08/10/2025
petz;petz jundiai anhanguera;av. dr. adilson rodrigues, 77;jundiai;jundiai;SP;13211-685;;;08/10/2025
petz;petz lauzane paulista;avenida direitos humanos, 1436;lauzane paulista;sao paulo;SP;02475-001;;;08/10/2025
petz;petz limao;av. otaviano alves de lima, 1480;limao;sao paulo;SP;02501-000;;;08/10/2025
petz;petz linha verde;av. caviuna, 548;atuba;curitiba;PR;82840-123;;;08/10/2025
petz;petz litoral plaza;av. ayrton senna da silva, 1511                                              - loja ext. v - litoral plaza;tude bastos;praia grande;SP;11726-000;;;08/10/2025
petz;petz londrina tiradentes;av. tiradentes, 1919;rodocentro;londrina;PR;86071-000;;;08/10/2025
petz;petz manuel gaya;rua manuel gaya, 2000;vila mazzei;sao paulo;SP;02313-000;;;08/10/2025
petz;petz maraponga;av. godofredo maciel, 2560;mondubim;fortaleza;CE;60710-684;;;08/10/2025
petz;petz marechal tito;avenida marechal tito,  5699                                              - junto ao mercadocar;itaim paulista;sao paulo;SP;08115-100;;;08/10/2025
petz;petz marginal tiete 24h;r. dr. miguel paulo capalbo, 166;pari;sao paulo;SP;03035-040;;;08/10/2025
petz;petz maringa;av. parana, 1250;zona 7;maringa;PR;87020-085;;;08/10/2025
petz;petz mateus leme;rua mateus leme, 1875;bom retiro;curitiba;PR;80520-174;;;08/10/2025
petz;petz mauro ramos;av. mauro ramos, 1586;centro;florianopolis;SC;88020-302;;;08/10/2025
petz;petz miguel sutil;av. miguel sutil , 10000;jardim mariana;cuiaba;MT;78040-790;;;08/10/2025
petz;petz mogi das cruzes;av. francisco rodrigues filho, 1550;botujuru;mogi das cruzes;SP;08840-000;;;08/10/2025
petz;petz mogi guacu;av. mogi mirim, 970;areiao;mogi guacu;SP;13844-110;;;08/10/2025
petz;petz moinhos de vento;rua quintino bocaiuva, 433;floresta;porto alegre;RS;90440-051;;;08/10/2025
petz;petz mooca;av. paes de barros, 1654;mooca;sao paulo;SP;03114-001;;;08/10/2025
petz;petz mooca plaza shopping;r. cap. pacheco e chaves, 313;vila prudente;sao paulo;SP;03126-000;;;08/10/2025
petz;petz morumbi;rua aureliano guimaraes, 201;morumbi;sao paulo;SP;05727-160;;;08/10/2025
petz;petz nacoes unidas;avenida das nacoes unidas, 20727;vila almeida;sao paulo;SP;04795-100;;;08/10/2025
petz;petz natal;av. sen. salgado filho, 2431;lagoa nova;natal;RN;59075-000;;;08/10/2025
petz;petz natal zona norte;av. dr. joao medeiros filho, 1420;potengi;natal;RN;59108-550;;;08/10/2025
petz;petz nordestina;av. nordestina, 2740;cidade nova sao miguel;sao paulo;SP;08042-117;;;08/10/2025
petz;petz norte sul plaza;av. presidente ernesto geisel, 2300                                              - shopping norte sul plaza;jardim joquei club;campo grande;MS;79080-105;;;08/10/2025
petz;petz nossa senhora do carmo;av. nossa senhora do carmo, 1448;sao pedro;belo horizonte;MG;30330-000;;;08/10/2025
petz;petz nova iguacu;av. abilio augusto tavora, 292;jardim alvorada;nova iguacu;RJ;26265-090;;;08/10/2025
petz;petz novo hamburgo;rua castro alves, 205;rio branco;novo hamburgo;RS;93310-270;;;08/10/2025
petz;petz olinda;r. carmelita muniz de araujo, 225;casa caiada;olinda;PE;53130-645;;;08/10/2025
petz;petz osasco;av. dos autonomistas, 1473                                              - parte a;vila yara;osasco;SP;06090-010;;;08/10/2025
petz;petz pacaembu;praca charles miller, 117;pacaembu;sao paulo;SP;01234-010;;;08/10/2025
petz;petz palmas;q. 101 sul avenida lo 3, s/n;plano diretor sul;palmas;TO;77015-002;;;08/10/2025
petz;petz pampulha;av. professor magalhaes penido, 1000;liberdade;belo horizonte;MG;31270-652;;;08/10/2025
petz;petz pao de acucar jabaquara;av. eng. armando de arruda pereira, 1900;jardim oriental;sao paulo;SP;04308-001;;;08/10/2025
petz;petz parada de taipas;av. raimundo pereira de magalhaes, 12219;parada de taipas;sao paulo;SP;02989-095;;;08/10/2025
petz;petz parkshopping brasilia;parkshopping brasilia,                                                - smas trecho 1;guara;brasilia;DF;71219-900;;;08/10/2025
petz;petz parnamirim;av. dezessete de agosto, 295;parnamirim;recife;PE;52060-590;;;08/10/2025
petz;petz parque flamboyant;av. deputado jamel cecilio, 2697                                              - quadra b16, lotes 17/19;jardim goias;goiania;GO;74810-100;;;08/10/2025
petz;petz parque shopping bahia;avenida santos dumont, 4360;centro;lauro de freitas;BA;42702-400;;;08/10/2025
petz;petz parque shopping maceio;av. comendador gustavo paiva, 5945;cruz das almas;maceio;AL;57038-000;;;08/10/2025
petz;petz passeio das aguas;av. perimetral norte, 8303                                              - fazenda das caveiras;passeio das aguas;goiania;GO;74445-360;;;08/10/2025
petz;petz pelotas;avenida ferreira viana, 1511;areal;pelotas;RS;96085-000;;;08/10/2025
petz;petz pereira barreto;rua thales dos santos freire, 36                                              - quadra 8b lot 26,27,28,29 e 30;baeta neves;sao bernardo do campo;SP;09751-020;;;08/10/2025
petz;petz pindamonhangaba;av. dr. jorge tibirica, 593;chacara galega;pindamonhangaba;SP;12422-050;;;08/10/2025
petz;petz piracicaba;av. centenario, 780;sao dimas;piracicaba;SP;13416-000;;;08/10/2025
petz;petz pituba;av. manoel dias da silva, 1251;pituba;salvador;BA;41830-001;;;08/10/2025
petz;petz plaza avenida shopping;av. jose munia, 4775                                              - shopping plaza avenida, piso t;redentor;sao jose do rio preto;SP;15085-350;;;08/10/2025
petz;petz pocos de caldas;av. joao pinheiro, 711;centro;pocos de caldas;MG;37701-387;;;08/10/2025
petz;petz pompeia;av. francisco matarazzo, 2000                                              - complexo sp mega stores;agua branca;sao paulo;SP;05001-200;;;08/10/2025
petz;petz ponta verde;r. prof. sandoval arroxelas, 1078;ponta verde;maceio;AL;57035-230;;;08/10/2025
petz;petz porto velho shopping;av. pref. chiquilito erse, 3288;flodoaldo pontes pinto;porto velho;RO;76820-408;;;08/10/2025
petz;petz praia grande;av. presidente kennedy, 2900;guilhermina;praia grande;SP;11600-000;;;08/10/2025
petz;petz presidente kennedy;av. sgt. herminio sampaio, 2965                                              - ao lado do assai atacadista;pres. kennedy;fortaleza;CE;60355-503;;;08/10/2025
petz;petz presidente prudente;av. manoel goulart, 2671;centro educacional;presidente prudente;SP;19010-000;;;08/10/2025
petz;petz protasio alves;av. protasio alves, 4194                                              - loja 2;petropolis;porto alegre;RS;91310-000;;;08/10/2025
petz;petz radial leste;av. alcantara machado , 3300;bras;sao paulo;SP;03102-007;;;08/10/2025
petz;petz raja gabaglia;avenida raja gabaglia, 3230;estoril belo horizonte;belo horizonte;MG;30360-670;;;08/10/2025
petz;petz ribeirao independencia;avenida independencia , 1810;jardim sumare;ribeirao preto;SP;14025-393;;;08/10/2025
petz;petz ribeirao presidente vargas;av. pres. vargas, 2265;jardim santa angela;ribeirao preto;SP;14020-525;;;08/10/2025
petz;petz ricardo jafet;av. dr. ricardo jafet, 1750;vila mariana;sao paulo;SP;04260-000;;;08/10/2025
petz;petz rio claro;avenida presidente kennedy, 414;estadio;rio claro;SP;13501-270;;;08/10/2025
petz;petz rio grande;avenida presidente vargas, 794;vila juncao;rio grande;RS;96202-188;;;08/10/2025
petz;petz riomar;av. republica do libano, 251                                              - shopping riomar recife;pina;recife;PE;51110-131;;;08/10/2025
petz;petz rio verde;av. pres. vargas q 37, 27;jardim pres.;rio verde;GO;75908-420;;;08/10/2025
petz;petz rita maria;rua henrique valgas, 64;centro;florianopolis;SC;88010-220;;;08/10/2025
petz;petz roberto freire;avenida engenheiro roberto freire, 20;capim macio;natal;RN;59078-570;;;08/10/2025
petz;petz ruben bento alves;av. rubem bento alves, 3483;universitario;caxias do sul;RS;95032-440;;;08/10/2025
petz;petz salvador bonoco;av. mario leal ferreira, 500;bonoco;salvador;BA;40285-600;;;08/10/2025
petz;petz salvador paralela;av. luis viana, 2768;imbui;salvador;BA;41720-200;;;08/10/2025
petz;petz samambaia do sul;quadra 302, s/n                                              - conjunto 7;samambaia do sul;brasilia;DF;72300-630;;;08/10/2025
petz;petz santa barbara doeste;av. corifeu de azevedo marques, 1102;colina;santa barbara doeste;SP;13450-088;;;08/10/2025
petz;petz santa cecilia;av. general olimpio da silveira, 68;santa cecilia;sao paulo;SP;01150-000;;;08/10/2025
petz;petz santa maria;av. helvio basso, 1201;duque de caxias;santa maria;RS;97070-805;;;08/10/2025
petz;petz santo andre;av. ramiro colleoni , 355;vila assuncao;santo andre;SP;09040-160;;;08/10/2025
petz;petz santo andre dom pedro;av. dom pedro ii, 933;jardim;santo andre;SP;09080-110;;;08/10/2025
petz;petz santos dumont;avenida santos dumont, 5650;coco;fortaleza;CE;60192-018;;;08/10/2025
petz;petz santos macuco;rua dr. manoel tourinho, 385;macuco;santos;SP;11015-031;;;08/10/2025
petz;petz sao bernardo;av. rotary, 825                                              - junto ao center castilho;centro;sao bernardo do campo;SP;09721-000;;;08/10/2025
petz;petz sao carlos;av. francisco pereira lopes, 1701;parque maria santa monica;sao carlos;SP;13561-250;;;08/10/2025
petz;petz sao jose do rio preto;av. pres. juscelino k. oliveira, 400;jardim maracana;sao jose do rio preto;SP;15092-175;;;08/10/2025
petz;petz sao leopoldo;av. getulio vargas, 1802;fiao;sao leopoldo;RS;93020-566;;;08/10/2025
petz;petz sao luis;av. daniel de la touch, 10240;vila vicente fialho;sao luis;MA;65074-115;;;08/10/2025
petz;petz sao miguel;av. sao miguel, 7988;vila norma;sao paulo;SP;08070-001;;;08/10/2025
petz;petz sao vicente;avenida antonio emmerick, 23;vila cascatinha;sao vicente;SP;11390-001;;;08/10/2025
petz;petz seminario;av. nossa senhora aparecida, 582;seminario;curitiba;PR;80440-000;;;08/10/2025
petz;petz serra;avenida eldes scherrer souza, 1511;parque res. laranjeiras;serra;ES;29165-680;;;08/10/2025
petz;petz sete lagoas;avenida raquel teixeira viana, 983;canaa;sete lagoas;MG;35700-293;;;08/10/2025
petz;petz shopping centervale;av. deputado benedito matarazzo, 9403;jardim oswaldo cruz;sao jose dos campos;SP;12215-900;;;08/10/2025
petz;petz shopping golden square;avenida kennedy, 700;jardim do mar;sao bernardo do campo;SP;09726-252;;;08/10/2025
petz;petz shopping grande rio;r. maria soares sendas, 111;parque barreto;sao joao de meriti;RJ;25575-825;;;08/10/2025
petz;petz shopping grand plaza;av. industrial, 600;centro;santo andre;SP;09080-510;;;08/10/2025
petz;petz shopping itaguacu;r. geroncio thives, 1079;barreiros;sao jose;SC;88117-292;;;08/10/2025
petz;petz shopping jockey plaza;r. konrad adenauer, 370;taruma;curitiba;PR;82821-020;;;08/10/2025
petz;petz shopping maua;av. gov. mario covas junior, 01;centro;maua;SP;09390-040;;;08/10/2025
petz;petz shopping pantanal;av. historiador rubens de mendonca, 3.300;jardim aclimacao;cuiaba;MT;78050-250;;;08/10/2025
petz;petz shopping sul valparaiso;q. 1 valparaiso shopping, s/n;parque esplanada iii;valparaiso de goias;GO;72876-902;;;08/10/2025
petz;petz silva jardim;rua joao negrao, 1028;reboucas;curitiba;PR;82590-300;;;08/10/2025
petz;petz silviano brandao;av. silviano brandao, 2457;sagrada familia;belo horizonte;MG;31015-015;;;08/10/2025
petz;petz sorocaba;av. dom aguirre, 2121;santa rosalia;sorocaba;SP;18035-095;;;08/10/2025
petz;petz sorocaba tauste;avenida general carneiro, 1120                                              - loja 08;vila lucy;sorocaba;SP;18043-003;;;08/10/2025
petz;petz sumare;av. da amizade, 2371;parque euclides miranda;sumare;SP;13175-646;;;08/10/2025
petz;petz suzano;rua sete de setembro, 555;parque suzano;suzano;SP;08673-900;;;08/10/2025
petz;petz taboao da serra;r. do tesouro, 662;taboao da serra;sao paulo;SP;06754-190;;;08/10/2025
petz;petz taguatinga;quadra qs 1, rua 212, s/n                                              - lote 11, 13 e 15;areal (aguas claras);brasilia;DF;71950-550;;;08/10/2025
petz;petz tambore;alameda araguaia, 2179                                              - parte a,junto a kalunga;tambore;barueri;SP;06455-000;;;08/10/2025
petz;petz tatui;rua sao bento, 287;centro;tatui;SP;18270-820;;;08/10/2025
petz;petz tauste campinas;av. dos imbes, 52;alphaville dom pedro;campinas;SP;13097-172;;;08/10/2025
petz;petz teodoro sampaio;rua teodoro sampaio, 1424;pinheiros;sao paulo;SP;05406-100;;;08/10/2025
petz;petz teotonio vilela;av. senador teotonio vilela ,  4482;vila sao jose;sao paulo;SP;04864-001;;;08/10/2025
petz;petz teresina;av. joao xxiii, 1176;noivos;teresina;PI;64049-010;;;08/10/2025
petz;petz torquato tapajos;av. torquato tapajos, 313;flores;manaus;AM;69048-660;;;08/10/2025
petz;petz torres;av. com. franco, 2958;guabirotuba;curitiba;PR;81520-000;;;08/10/2025
petz;petz trimais;av. tucuruvi, 220                                              - shopping trimais;tucuruvi;sao paulo;SP;02305-002;;;08/10/2025
petz;petz uberaba;av. leopoldino de oliveira, 4001;estados unidos;uberaba;MG;38010-000;;;08/10/2025
petz;petz uberlandia;av. rondon pacheco, 505;tabajaras;uberlandia;MG;38400-242;;;08/10/2025
petz;petz varzea grande;av. joao ponce de arruda, 1096;centro norte;varzea grande;MT;78030-485;;;08/10/2025
petz;petz vicente rao;av. professor vicente rao, 1700;jardim petropolis;sao paulo;SP;04636-001;;;08/10/2025
petz;petz vila galvao;r. maria primo de jesus, 47;vila galvao;guarulhos;SP;07056-040;;;08/10/2025
petz;petz vila isabel;rua teodoro da silva, 668;vila isabel;rio de janeiro;RJ;20560-025;;;08/10/2025
petz;petz vila mariana;rua vergueiro, 2604;vila mariana;sao paulo;SP;04102-000;;;08/10/2025
petz;petz vila matilde;avenida conde de frontin, 2416;tatuape;sao paulo;SP;03501-000;;;08/10/2025
petz;petz vila velha;rodovia do sol, 256;itapua;vila velha;ES;29102-320;;;08/10/2025
petz;petz vitoria;av. nossa senhora da penha, 1819;santa lucia;vitoria;ES;29056-075;;;08/10/2025
petz;petz vitoria da conquista;av. olivia flores, 973;candeias;vitoria da conquista;BA;45028-610;;;08/10/2025
petz;petz washington luis;av. washington luis, 2737;brooklin;sao paulo;SP;04662-003;;;08/10/2025
petz;petz washington soares;av. washington soares, 2300;edson queiroz;fortaleza;CE;60810-350;;;08/10/2025
cobasi;cobasi getulio vargas - osasco;avenida getulio vargas;;osasco;SP;;;;08/10/2025
cobasi;cobasi jandira mall;rua manoel alves garcia;;jandira;SP;;;;08/10/2025
cobasi;cobasi joao pessoa;rua bacharel jose de oliveira curchatuz;;joao pessoa;PB;;;;08/10/2025
cobasi;cobasi marilia esmeralda;avenida das esmeraldas;;marilia;SP;;;;08/10/2025
cobasi;cobasi presidente prudente;avenida onze de maio;;presidente prudente;SP;;;;08/10/2025
cobasi;cobasi riviera de sao lourenco;rua aprovada 239;;bertioga;SP;;;;08/10/2025
cobasi;pet shop cobasi alphaville;rua alameda rio negro;;barueri;SP;06454-000;;;08/10/2025
cobasi;pet shop cobasi alto da boa vista;avenida santo amaro;;sao paulo;SP;04702-002;;;08/10/2025
cobasi;pet shop cobasi alto de pinheiros;rua general furtado nascimento;;sao paulo;SP;05465-070;;;08/10/2025
cobasi;pet shop cobasi americana;avenida brasil;;americana;SP;13468-000;;;08/10/2025
cobasi;pet shop cobasi andradas;avenida dos andradas;;belo horizonte;MG;30280-020;;;08/10/2025
cobasi;pet shop cobasi aracaju rio mar;avenida delmiro gouveia;;aracaju;SE;49035-500;;;08/10/2025
cobasi;pet shop cobasi araraquara;shopping jaragua - av. alberto benassi;;araraquara;SP;14804-300;;;08/10/2025
cobasi;pet shop cobasi araraquara savegnago;rua mauricio gali;;araraquara;SP;;;;08/10/2025
cobasi;pet shop cobasi aracatuba;rua luiz pereira barreto;;aracatuba;SP;16015-445;;;08/10/2025
cobasi;pet shop cobasi assai anhanguera;rua samuel klabin;;sao paulo;SP;05077-903;;;08/10/2025
cobasi;pet shop cobasi assai interlagos;avenida sargento geraldo santana;;sao paulo;SP;04674-225;;;08/10/2025
cobasi;pet shop cobasi assai marginal tiete;avenida condessa elisabeth de robiano;;sao paulo;SP;03704-000;;;08/10/2025
cobasi;pet shop cobasi atibaia;rua pref. takao ono;;atibaia;SP;12940-750;;;08/10/2025
cobasi;pet shop cobasi atibaia ii;av. brigadeiro jose vicente faria lima;;atibaia;SP;12940-284;;;08/10/2025
cobasi;pet shop cobasi atlantica;av. atlantica;;sao paulo;SP;04772-005;;;08/10/2025
cobasi;pet shop cobasi augusta;rua augusta;;sao paulo;SP;01412-000;;;08/10/2025
cobasi;pet shop cobasi av. jundiai;avenida jundiai;;jundiai;SP;13208-051;;;08/10/2025
cobasi;pet shop cobasi av. morumbi;avenida morumbi;;sao paulo;SP;05606-200;;;08/10/2025
cobasi;pet shop cobasi avenida sao miguel;avenida sao miguel;;sao paulo;SP;08070-002;;;08/10/2025
cobasi;pet shop cobasi bh belvedere;rua maria luiza santiago;;belo horizonte;MG;30360-740;;;08/10/2025
cobasi;pet shop cobasi bh castelo;avenida heraclito mourao de miranda;;belo horizonte;MG;30840-032;;;08/10/2025
cobasi;pet shop cobasi bh contorno;avenida do contorno;;belo horizonte;MG;30110-017;;;08/10/2025
cobasi;pet shop cobasi bh del rey;av. presidente carlos luz;;belo horizonte;MG;31250-010;;;08/10/2025
cobasi;pet shop cobasi barra carrefour;avenida das americas;;rio de janeiro;RJ;22640-102;;;08/10/2025
cobasi;pet shop cobasi barra guanabara;avenida das americas;;rio de janeiro;RJ;22631-003;;;08/10/2025
cobasi;pet shop cobasi barra sul;av. diario de noticias;;porto alegre;RS;90810-080;;;08/10/2025
cobasi;pet shop cobasi barreiros;avenida leoberto leal;;sao jose;SC;88117-001;;;08/10/2025
cobasi;pet shop cobasi barretos;av. engenheiro necker carvalho de camargo;;barretos;SP;14783-085;;;08/10/2025
cobasi;pet shop cobasi bauru;rua sao goncalo;;bauru;SP;17012-170;;;08/10/2025
cobasi;pet shop cobasi belem bosque grao para;avenida centenario;;belem;PA;66640-840;;;08/10/2025
cobasi;pet shop cobasi birigui;avenida euclides miragaia;;birigui;SP;16204-000;;;08/10/2025
cobasi;pet shop cobasi blumenau neumarkt;rua sete de setembro;;blumenau;SC;89010-201;;;08/10/2025
cobasi;pet shop cobasi blumenau norte shopping;rodovia br 470;;blumenau;SC;89065-800;;;08/10/2025
cobasi;pet shop cobasi botafogo;rua voluntarios da patria;;rio de janeiro;RJ;;;;08/10/2025
cobasi;pet shop cobasi botucatu mall;avenida professor jose pedretti neto;;botucatu;SP;18606-125;;;08/10/2025
cobasi;pet shop cobasi braganca paulista;av. alpheu grimello (loja 01);;braganca paulista;SP;12916-010;;;08/10/2025
cobasi;pet shop cobasi braganca paulista - av. dos imigrantes;avenida dos imigrantes;;braganca paulista;SP;12802-000;;;08/10/2025
cobasi;pet shop cobasi brasilia venancio;scs quadra 8 bloco b;;brasilia;DF;70333-900;;;08/10/2025
cobasi;pet shop cobasi brasilia asa norte;edificio carlton center sepn;;brasilia;DF;70770-525;;;08/10/2025
cobasi;pet shop cobasi brasilia casapark;sgcv sul shopping casa park;;brasilia;DF;71215-900;;;08/10/2025
cobasi;pet shop cobasi brasilia pistao sul;quadra setor d sul;;brasilia;DF;72020-111;;;08/10/2025
cobasi;pet shop cobasi brasilia sia;rua sia trecho;;brasilia;DF;71200-020;;;08/10/2025
cobasi;pet shop cobasi brasilia taquari;shtq avenida comercial;;brasilia;DF;71551-010;;;08/10/2025
cobasi;pet shop cobasi braz leme;avenida braz leme;;sao paulo;SP;02511-000;;;08/10/2025
cobasi;pet shop cobasi brooklin;avenida washington luis;;sao paulo;SP;04627-003;;;08/10/2025
cobasi;pet shop cobasi buritis;avenida professor mario werneck;;belo horizonte;MG;30575-180;;;08/10/2025
cobasi;pet shop cobasi butanta;av. profº francisco morato;;sao paulo;SP;05513-300;;;08/10/2025
cobasi;pet shop cobasi cachoeirinha;av parada pinto;;sao paulo;SP;02611-002;;;08/10/2025
cobasi;pet shop cobasi caminho do mar;avenida caminho do mar;;sao bernardo do campo;SP;09609-000;;;08/10/2025
cobasi;pet shop cobasi campinas abolicao;rua da abolicao;;campinas;SP;13041-445;;;08/10/2025
cobasi;pet shop cobasi campinas amoreiras;av. ruy rodrigues;;campinas;SP;13060-192;;;08/10/2025
cobasi;pet shop cobasi campinas cambui;av. orosimbo maia;;campinas;SP;13024-045;;;08/10/2025
cobasi;pet shop cobasi campinas cambui ii;rua coronel francisco andrade coutinho;;campinas;SP;13025-190;;;08/10/2025
cobasi;pet shop cobasi campinas princesa d’ oeste;av. princesa doeste;;campinas;SP;13100-040;;;08/10/2025
cobasi;pet shop cobasi campinas shopping galleria;rodovia dom pedro i;;campinas;SP;13091-910;;;08/10/2025
cobasi;pet shop cobasi campinas taquaral;avenida doutor theodureto de almeida camargo;;campinas;SP;13075-630;;;08/10/2025
cobasi;pet shop cobasi campo grande ms;avenida afonso pena;;campo grande;MS;79020-000;;;08/10/2025
cobasi;pet shop cobasi campo limpo;avenida carlos lacerda;;sao paulo;SP;05788-290;;;08/10/2025
cobasi;pet shop cobasi candangolandia;setor de postos e moteis sul i;;brasilia;DF;71727-800;;;08/10/2025
cobasi;pet shop cobasi canoas;avenida farroupilha;;canoas;RS;92020-475;;;08/10/2025
cobasi;pet shop cobasi canoas br116;avenida getulio vargas;;canoas;RS;92010-013;;;08/10/2025
cobasi;pet shop cobasi cantareira norte shopping;avenida raimundo pereira de magalhaes;;sao paulo;SP;02984-035;;;08/10/2025
cobasi;pet shop cobasi carapicuiba;avenida desembargador doutor eduardo cunha de abreu;;carapicuiba;SP;06328-330;;;08/10/2025
cobasi;pet shop cobasi carrefour nacoes;avenida das nacoes unidas;;sao paulo;SP;04794-000;;;08/10/2025
cobasi;pet shop cobasi carrao;rua serra de botucatu;;sao paulo;SP;03317-001;;;08/10/2025
cobasi;pet shop cobasi casa forte;r. leonardo bezerra cavalcanti;;recife;PE;52060-030;;;08/10/2025
cobasi;pet shop cobasi cascavel;av. brasil;;cascavel;PR;85812-500;;;08/10/2025
cobasi;pet shop cobasi caxias do sul;rodovia rsc 453;;caxias do sul;RS;95110-195;;;08/10/2025
cobasi;pet shop cobasi cerro cora;rua  cerro cora;;sao paulo;SP;05061-400;;;08/10/2025
cobasi;pet shop cobasi comendador agostinho - limeira ii;avenida comendador agostinho prada;;limeira;SP;13482-220;;;08/10/2025
cobasi;pet shop cobasi conselheiro rodrigues alves;av. conselheiro rodrigues alves;;sao paulo;SP;04102-000;;;08/10/2025
cobasi;pet shop cobasi continente shopping;rodovia br 101 - km211 continente park shopping;;sao jose;SC;88104-800;;;08/10/2025
cobasi;pet shop cobasi copacabana posto 2;avenida nossa senhora de copacabana;;rio de janeiro;RJ;22020-002;;;08/10/2025
cobasi;pet shop cobasi corifeu;avenida corifeu de azevedo marques;;sao paulo;SP;05582-000;;;08/10/2025
cobasi;pet shop cobasi cotia;rua luiz silva;;cotia;SP;06716-030;;;08/10/2025
cobasi;pet shop cobasi criciuma;av jorge elias de lucca;;criciuma;SC;88813-390;;;08/10/2025
cobasi;pet shop cobasi cuiaba cpa;avenida historiador rubens de mendonca;;cuiaba;MT;78050-000;;;08/10/2025
cobasi;pet shop cobasi curitiba linha verde;av. senador salgado filho;;curitiba;PR;80215-270;;;08/10/2025
cobasi;pet shop cobasi curitiba mario tourinho;rua general mario tourinho;;curitiba;PR;80740-016;;;08/10/2025
cobasi;pet shop cobasi curitiba novo mundo;rua isaac guelmann;;curitiba;PR;81050-030;;;08/10/2025
cobasi;pet shop cobasi df gama;quadra 55 lote 9;;brasilia;DF;72405-550;;;08/10/2025
cobasi;pet shop cobasi go planaltina;setor de areas especiais norte;;planaltina;GO;73340-190;;;08/10/2025
cobasi;pet shop cobasi df plaza shopping;rua copaiba lote 01;;brasilia;DF;71919-540;;;08/10/2025
cobasi;pet shop cobasi diadema;avenida presidente kennedy;;diadema;SP;09913-000;;;08/10/2025
cobasi;pet shop cobasi eco mall pinheirinho;rodovia br-116;;curitiba;PR;81690-300;;;08/10/2025
cobasi;pet shop cobasi embu das artes;av. elias yazbek;;embu das artes;SP;06803-045;;;08/10/2025
cobasi;pet shop cobasi embu das artes ii;avenida joao batista medina;;embu das artes;SP;06840-050;;;08/10/2025
cobasi;pet shop cobasi engenheiro caetano alvares;av. eng. caetano alvares;;sao paulo;SP;;;;08/10/2025
cobasi;pet shop cobasi epitacio pessoa;avenida presidente epitacio pessoa;;joao pessoa;PB;58042-006;;;08/10/2025
cobasi;pet shop cobasi ermano marchetti;rua luiz gatti;;sao paulo;SP;05038-150;;;08/10/2025
cobasi;pet shop cobasi estr. do campo limpo;estrada do campo limpo;;sao paulo;SP;05787-000;;;08/10/2025
cobasi;pet shop cobasi estrada de itapecerica;estrada de itapecerica;;sao paulo;SP;05835-005;;;08/10/2025
cobasi;pet shop cobasi feira de santana;avenida joao durval carneiro;;feira de santana;BA;44090-008;;;08/10/2025
cobasi;pet shop cobasi florianopolis;rodovia jose carlos daux;;florianopolis;SC;88032-005;;;08/10/2025
cobasi;pet shop cobasi florianopolis centro;rua francisco tolentino;;florianopolis;SC;88010-200;;;08/10/2025
cobasi;pet shop cobasi fortaleza aldeota;av. santos dumont;;fortaleza;CE;60150-162;;;08/10/2025
cobasi;pet shop cobasi fortaleza meireles;avenida barao de studart;;fortaleza;CE;60120-024;;;08/10/2025
cobasi;pet shop cobasi fortaleza open mall;avenida washington soares;;fortaleza;CE;60810-350;;;08/10/2025
cobasi;pet shop cobasi franca;avenida doutor antonio barboza filho;;franca;SP;14405-000;;;08/10/2025
cobasi;pet shop cobasi frei gaspar;avenida brigadeiro faria lima;;sao bernardo do campo;SP;09720-010;;;08/10/2025
cobasi;pet shop cobasi goiania decathlon;avenida i;;goiania;GO;74810-075;;;08/10/2025
cobasi;pet shop cobasi goiania t63;avenida t63;;goiania;GO;74335-104;;;08/10/2025
cobasi;pet shop cobasi granja vianna;av. marginal;;cotia;SP;06708-030;;;08/10/2025
cobasi;pet shop cobasi guaruja;avenida leomil;;guaruja;SP;11410-160;;;08/10/2025
cobasi;pet shop cobasi guarulhos;av. anielo pratici;;guarulhos;SP;07013-000;;;08/10/2025
cobasi;pet shop cobasi guarulhos centro;avenida salgado filho;;guarulhos;SP;07115-180;;;08/10/2025
cobasi;pet shop cobasi guarulhos sakamoto;rodovia presidente dutra km 210;;guarulhos;SP;;;;08/10/2025
cobasi;pet shop cobasi guarulhos timoteo penteado;avenida doutor timoteo penteado;;guarulhos;SP;07094-000;;;08/10/2025
cobasi;pet shop cobasi higienopolis;avenida angelica;;sao paulo;SP;01228-000;;;08/10/2025
cobasi;pet shop cobasi iguatemi campinas;shopping iguatemi campinas - avenida iguatemi;;campinas;SP;13092-500;;;08/10/2025
cobasi;pet shop cobasi iguatemi fortaleza;av. washington soares;;fortaleza;CE;60810-060;;;08/10/2025
cobasi;pet shop cobasi imigrantes;av. prof abraao de morais;;sao paulo;SP;04123-011;;;08/10/2025
cobasi;pet shop cobasi imirim;avenida imirim;;sao paulo;SP;02465-300;;;08/10/2025
cobasi;pet shop cobasi indaiatuba;avenida presidente vargas;;indaiatuba;SP;13334-085;;;08/10/2025
cobasi;pet shop cobasi interlar interlagos;av. interlagos;;sao paulo;SP;04661-100;;;08/10/2025
cobasi;pet shop cobasi itajai;avenida osvaldo reis;;itajai;SC;88306-600;;;08/10/2025
cobasi;pet shop cobasi itaquaquecetuba davo;avenida italo adami;;itaquaquecetuba;SP;08573-000;;;08/10/2025
cobasi;pet shop cobasi itaquera;avenida itaquera;;sao paulo;SP;;;;08/10/2025
cobasi;pet shop cobasi jabaquara;avenida engenheiro george corbisier;;sao paulo;SP;04345-001;;;08/10/2025
cobasi;pet shop cobasi jaboatao dos guararapes;avenida bernardo vieira de melo;;jaboatao dos guararapes;PE;54410-010;;;08/10/2025
cobasi;pet shop cobasi jacarei tenda;praca charles gates;;jacarei;SP;12306-090;;;08/10/2025
cobasi;pet shop cobasi jardim japao;avenida jardim japao;;sao paulo;SP;02221-001;;;08/10/2025
cobasi;pet shop cobasi jau;av. anna claudina;;jau;SP;17203-381;;;08/10/2025
cobasi;pet shop cobasi jd. botanico;cj smdb area especial d;;brasilia;DF;;;;08/10/2025
cobasi;pet shop cobasi joinville;avenida rolf wiest;;joinville;SC;89223-005;;;08/10/2025
cobasi;pet shop cobasi juiz de fora jardim norte;av. brasil;;juiz de fora;MG;36080-000;;;08/10/2025
cobasi;pet shop cobasi jundiai;rua jose amato;;jundiai;SP;13201-141;;;08/10/2025
cobasi;pet shop cobasi lauro de freitas;av. santos dumont;;lauro de freitas;BA;42701-260;;;08/10/2025
cobasi;pet shop cobasi limeira;avenida carlos kuntz busch;;limeira;SP;13485-905;;;08/10/2025
cobasi;pet shop cobasi londrina centro;rua minas gerais;;londrina;PR;86010-170;;;08/10/2025
cobasi;pet shop cobasi londrina madre leonia;av. madre leonia milito;;londrina;PR;86050-270;;;08/10/2025
cobasi;pet shop cobasi mboi mirim;estrada do mboi mirim;;sao paulo;SP;04905-002;;;08/10/2025
cobasi;pet shop cobasi maceio fernandes lima;avenida fernandes lima;;maceio;AL;57055-000;;;08/10/2025
cobasi;pet shop cobasi maracanau;rua joao de alencar;;maracanau;CE;61900-150;;;08/10/2025
cobasi;pet shop cobasi marechal tito;av marechal tito;;sao paulo;SP;08022-000;;;08/10/2025
cobasi;pet shop cobasi marginal pinheiros;avenida das nacoes unidas;;sao paulo;SP;04795-100;;;08/10/2025
cobasi;pet shop cobasi marginal tiete;rua maria prestes maia;;sao paulo;SP;02047-000;;;08/10/2025
cobasi;pet shop cobasi maringa;av. joao paulino vieira filho;;maringa;PR;87020-015;;;08/10/2025
cobasi;pet shop cobasi marilia;avenida sampaio vidal;;marilia;SP;17500-022;;;08/10/2025
cobasi;pet shop cobasi minas shopping;avenida cristiano machado;;belo horizonte;MG;31160-959;;;08/10/2025
cobasi;pet shop cobasi moema passaros;avenida ibirapuera;;sao paulo;SP;04028-002;;;08/10/2025
cobasi;pet shop cobasi moinhos dos ventos;rua miguel tostes;;porto alegre;RS;90430-060;;;08/10/2025
cobasi;pet shop cobasi mooca;av. alcantara machado;;sao paulo;SP;03101-000;;;08/10/2025
cobasi;pet shop cobasi morumbi;av. giovanni gronchi;;sao paulo;SP;05724-003;;;08/10/2025
cobasi;pet shop cobasi natal;avenida senador salgado filho;;natal;RN;59076-000;;;08/10/2025
cobasi;pet shop cobasi niteroi;rua marechal deodoro;;niteroi;RJ;24030-060;;;08/10/2025
cobasi;pet shop cobasi nossa senhora do carmo;av. nossa senhora do carmo;;belo horizonte;MG;30335-300;;;08/10/2025
cobasi;pet shop cobasi nova cantareira;avenida nova cantareira;;sao paulo;SP;;;;08/10/2025
cobasi;pet shop cobasi novo hamburgo;avenida primeiro de marco;;novo hamburgo;RS;93320-102;;;08/10/2025
cobasi;pet shop cobasi osasco;av. dos autonomistas;;osasco;SP;06090-010;;;08/10/2025
cobasi;pet shop cobasi osasco joao andrade;av. joao de andrade;;osasco;SP;06132-006;;;08/10/2025
cobasi;pet shop cobasi poa assis brasil;avenida assis brasil;;porto alegre;RS;91010-003;;;08/10/2025
cobasi;pet shop cobasi poa av. brasil;av. brasil;;porto alegre;RS;90230-061;;;08/10/2025
cobasi;pet shop cobasi poa bollogna mall;avenida coronel marcos;;porto alegre;RS;91760-000;;;08/10/2025
cobasi;pet shop cobasi poa central parque;avenida ipiranga;;porto alegre;RS;91530-000;;;08/10/2025
cobasi;pet shop cobasi palmas;quadra arno 12 alameda das aroeiras;;palmas;TO;77001-048;;;08/10/2025
cobasi;pet shop cobasi park shopping jacarepagua;park shopping jacarepagua - estr. de jacarepagua;;rio de janeiro;RJ;22753-045;;;08/10/2025
cobasi;pet shop cobasi parque olimpico;avenida embaixador abelardo bueno;;rio de janeiro;RJ;22775-040;;;08/10/2025
cobasi;pet shop cobasi passo fundo shopping;av. presidente vargas;;passo fundo;RS;99064-000;;;08/10/2025
cobasi;pet shop cobasi paulinia;avenida jose paulino;;paulinia;SP;13140-723;;;08/10/2025
cobasi;pet shop cobasi pelotas;av. ferreira viana;;pelotas;RS;96085-000;;;08/10/2025
cobasi;pet shop cobasi pinhais;rua primeiro de maio;;pinhais;PR;83323-020;;;08/10/2025
cobasi;pet shop cobasi piracicaba;avenida limeira (ao lado do shopping);;piracicaba;SP;13414-018;;;08/10/2025
cobasi;pet shop cobasi piracicaba independencia;avenida independencia;;piracicaba;SP;13419-160;;;08/10/2025
cobasi;pet shop cobasi poa wenceslau escobar;avenida wenceslau escobar;;porto alegre;RS;91900-000;;;08/10/2025
cobasi;pet shop cobasi pompeia;rua carlos vicari;;sao paulo;SP;05033-070;;;08/10/2025
cobasi;pet shop cobasi ponta grossa;avenida ernesto vilela;;ponta grossa;PR;84070-000;;;08/10/2025
cobasi;pet shop cobasi ponta grossa ii;rua ermelino de leao;;ponta grossa;PR;84035-000;;;08/10/2025
cobasi;pet shop cobasi portal do morumbi;av dr guilherme dumont vilares;;sao paulo;SP;05640-902;;;08/10/2025
cobasi;pet shop cobasi porto alegre iguatemi;shopping iguatemi - av. joao wallig;;porto alegre;RS;91340-020;;;08/10/2025
cobasi;pet shop cobasi porto alegre ipiranga;avenida ipiranga;;porto alegre;RS;90610-001;;;08/10/2025
cobasi;pet shop cobasi praia grande;avenida ayrton senna da silva;;praia grande;SP;11726-000;;;08/10/2025
cobasi;pet shop cobasi praia grande ocian;av. presidente kennedy;;praia grande;SP;11704-105;;;08/10/2025
cobasi;pet shop cobasi praca da arvore;av jabaquara;;sao paulo;SP;04046-000;;;08/10/2025
cobasi;pet shop cobasi rj norte shopping;avenida dom helder camara;;rio de janeiro;RJ;20771-900;;;08/10/2025
cobasi;pet shop cobasi raposo tavares;rod. raposo tavares;;sao paulo;SP;05576-000;;;08/10/2025
cobasi;pet shop cobasi reboucas;av. reboucas;;sao paulo;SP;05402-300;;;08/10/2025
cobasi;pet shop cobasi recife;rua padre carapuceiro;;recife;PE;50020-280;;;08/10/2025
cobasi;pet shop cobasi ribeirao dom pedro i;av. dom pedro i;;ribeirao preto;SP;14055-630;;;08/10/2025
cobasi;pet shop cobasi ribeirao preto ii (loja maurilio biagi);av. maurilio biagi;;ribeirao preto;SP;14020-750;;;08/10/2025
cobasi;pet shop cobasi ribeirao preto iguatemi;av. luis eduardo toledo prado (loja 2107);;ribeirao preto;SP;14027-250;;;08/10/2025
cobasi;pet shop cobasi ribeirao preto presidente vargas;av. presidente vargas;;ribeirao preto;SP;14093-129;;;08/10/2025
cobasi;pet shop cobasi ricardo jafet;avenida dr. ricardo jafet;;sao paulo;SP;04123-030;;;08/10/2025
cobasi;pet shop cobasi rio das pedras;rua jorge ogushi;;sao paulo;SP;03471-000;;;08/10/2025
cobasi;pet shop cobasi rio de janeiro campo grande;parkshopping campo grande – estrada do monteiro;;rio de janeiro;RJ;23045-830;;;08/10/2025
cobasi;pet shop cobasi rui barbosa;praca rui barbosa;;curitiba;PR;80010-030;;;08/10/2025
cobasi;pet shop cobasi sbc faria lima;avenida brigadeiro faria lima;;sao bernardo do campo;SP;09720-000;;;08/10/2025
cobasi;pet shop cobasi sp ipiranga;avenida doutor ricardo jafet;;sao paulo;SP;04123-030;;;08/10/2025
cobasi;pet shop cobasi sabara;r. moacir simoes da rocha;;sao paulo;SP;04674-150;;;08/10/2025
cobasi;pet shop cobasi salto;avenida jose maria marques de oliveira;;salto;SP;13327-300;;;08/10/2025
cobasi;pet shop cobasi salvador rio vermelho;av. juracy magalhaes junior;;salvador;BA;41940-060;;;08/10/2025
cobasi;pet shop cobasi santa barbara d’oeste tivoli;rua do osmio;;santa barbara doeste;SP;13456-625;;;08/10/2025
cobasi;pet shop cobasi santana;r. voluntarios da patria;;sao paulo;SP;02402-200;;;08/10/2025
cobasi;pet shop cobasi santo andre av. dos estados;avenida dos estados;;santo andre;SP;09290-520;;;08/10/2025
cobasi;pet shop cobasi santo andre p. barreto;praca engenheiro roldao dos santos ferreira;;santo andre;SP;09190-695;;;08/10/2025
cobasi;pet shop cobasi santo andre prestes maia;praca uirapuru;;santo andre;SP;09071-220;;;08/10/2025
cobasi;pet shop cobasi santos afonso pena;avenida afonso pena;;santos;SP;11020-002;;;08/10/2025
cobasi;pet shop cobasi santos conselheiro nebias;avenida conselheiro nebias;;santos;SP;;;;08/10/2025
cobasi;pet shop cobasi santos francisco glicerio;avenida general francisco glicerio;;santos;SP;11065-400;;;08/10/2025
cobasi;pet shop cobasi sena madureira;rua sena madureira;;sao paulo;SP;04021-001;;;08/10/2025
cobasi;pet shop cobasi shop. estacao cuiaba;av. miguel sutil;;cuiaba;MT;78040-365;;;08/10/2025
cobasi;pet shop cobasi shopping aricanduva;av. aricanduva;;sao paulo;SP;03527-900;;;08/10/2025
cobasi;pet shop cobasi shopping eldorado;shopping eldorado – av. reboucas;;sao paulo;SP;05402-600;;;08/10/2025
cobasi;pet shop cobasi sorocaba av. sao paulo;rua antonio fernandes;;sorocaba;SP;;;;08/10/2025
cobasi;pet shop cobasi sorocaba itavuvu;av. itavuvu;;sorocaba;SP;18076-005;;;08/10/2025
cobasi;pet shop cobasi sorocaba pannunzio;av. dr. armando pannunzio;;sorocaba;SP;18050-000;;;08/10/2025
cobasi;pet shop cobasi sorocaba panoramico;rodovia raposo tavares;;sorocaba;SP;18030-005;;;08/10/2025
cobasi;pet shop cobasi sumare;av. sumare;;sao paulo;SP;05016-090;;;08/10/2025
cobasi;pet shop cobasi sumare parkcity shopping;av. reboucas;;sumare;SP;13171-065;;;08/10/2025
cobasi;pet shop cobasi sao bernardo jurubatuba;rua jurubatuba;;sao bernardo do campo;SP;09725-001;;;08/10/2025
cobasi;pet shop cobasi sao caetano;alameda caulim;;sao caetano do sul;SP;09530-200;;;08/10/2025
cobasi;pet shop cobasi sao carlos;rua passeio dos flamboyants;;sao carlos;SP;13561-352;;;08/10/2025
cobasi;pet shop cobasi sao jose do rio preto falavina;av. domingos falavina;;sao jose do rio preto;SP;15046-265;;;08/10/2025
cobasi;pet shop cobasi sao jose do rio preto iguatemi;av. juscelino kubitschek;;sao jose do rio preto;SP;15093-340;;;08/10/2025
cobasi;pet shop cobasi sao jose dos campos;av. dep. benedito matarazzo;;sao jose dos campos;SP;12246-840;;;08/10/2025
cobasi;pet shop cobasi sao jose dos campos jardim oriente;shopping jd. oriente - rua andorra;;sao jose dos campos;SP;12235-050;;;08/10/2025
cobasi;pet shop cobasi sao jose dos campos nelson davila;av. dr. nelson d´avila;;sao jose dos campos;SP;12245-030;;;08/10/2025
cobasi;pet shop cobasi sao jose dos pinhais av. torres;av. torres;;sao jose dos pinhais;PR;83005-450;;;08/10/2025
cobasi;pet shop cobasi sao judas;av. jabaquara;;sao paulo;SP;04045-003;;;08/10/2025
cobasi;pet shop cobasi sao vicente;avenida presidente wilson;;sao vicente;SP;11320-001;;;08/10/2025
cobasi;pet shop cobasi tambore;alameda araguaia;;barueri;SP;06455-000;;;08/10/2025
cobasi;pet shop cobasi tatuape;rua visconde de itaborai;;sao paulo;SP;03308-050;;;08/10/2025
cobasi;pet shop cobasi taubate;av dom pedro i;;taubate;SP;12081-810;;;08/10/2025
cobasi;pet shop cobasi taubate ii;avenida charles schnneider;;taubate;SP;12040-000;;;08/10/2025
cobasi;pet shop cobasi teodoro sampaio;rua teodoro sampaio;;sao paulo;SP;05418-020;;;08/10/2025
cobasi;pet shop cobasi teotonio vilela;avenida senador teotonio vilela;;sao paulo;SP;04833-000;;;08/10/2025
cobasi;pet shop cobasi tutoia;r. tutoia;;sao paulo;SP;04007-002;;;08/10/2025
cobasi;pet shop cobasi uberaba;av. santos dumont;;uberaba;MG;38050-590;;;08/10/2025
cobasi;pet shop cobasi uberlandia;av rondon pacheco;;uberlandia;MG;38400-242;;;08/10/2025
cobasi;pet shop cobasi valinhos;rua luiz spiandorelli neto;;valinhos;SP;13271-570;;;08/10/2025
cobasi;pet shop cobasi via parque shopping;avenida ayrton senna;;rio de janeiro;RJ;22775-904;;;08/10/2025
cobasi;pet shop cobasi viamao;rodovia tapir rocha;;viamao;RS;94440-000;;;08/10/2025
cobasi;pet shop cobasi vila velha;shopping vila velha – av. luciano das neves;;vila velha;ES;29107-900;;;08/10/2025
cobasi;pet shop cobasi villa lobos;rua manoel velasco;;sao paulo;SP;05319-010;;;08/10/2025
cobasi;pet shop cobasi vinhedo;estrada da boiada;;vinhedo;SP;13289-020;;;08/10/2025
cobasi;pet shop cobasi varzea grande;avenida presidente arthur bernardes;;varzea grande;MT;78125-100;;;08/10/2025
cobasi;pet shop cobasi agua branca;avenida francisco matarazzo;;sao paulo;SP;05001-000;;;08/10/2025
cobasi;pet shop cobasi aguas claras;avenida sibipiruna;;brasilia;DF;71928-720;;;08/10/2025
cobasi;pet shop mundo pet cobasi aldeota;av. senador virgilio tavora;;fortaleza;CE;60170-078;;;08/10/2025
cobasi;pet shop mundo pet cobasi batista campos;travessa sao pedro;;belem;PA;66023-570;;;08/10/2025
cobasi;pet shop mundo pet cobasi brasilia aguas claras;rua 35 norte;;brasilia;DF;71919-000;;;08/10/2025
cobasi;pet shop mundo pet cobasi eusebio;av. eusebio de queiroz;;eusebio;CE;61765-070;;;08/10/2025
cobasi;pet shop mundo pet cobasi fortaleza washington soares;avenida washington soares;;fortaleza;CE;60810-350;;;08/10/2025
cobasi;pet shop mundo pet cobasi goiania oeste;avenida assis chateaubriand;;goiania;GO;74140-020;;;08/10/2025
cobasi;pet shop mundo pet cobasi manaira shopping;av. governador flavio ribeiro coutinho;;cabedelo;PB;58102-835;;;08/10/2025
cobasi;pet shop mundo pet cobasi salvador graca;av. euclydes da cunha;;salvador;BA;40150-120;;;08/10/2025
cobasi;pet shop mundo pet cobasi salvador shopping;avenida tancredo neves;;salvador;BA;41820-910;;;08/10/2025
cobasi;pet shop mundo pet cobasi tirol natal;av. prudente de morais;;natal;RN;59020-510;;;08/10/2025
cobasi;pet&facil washington luis;av. washington luis;;sao paulo;SP;04627-002;;;08/10/2025
petland;petland lins;rua dom bosco;vila alta;lins;SP;16400-505;;;08/10/2025
petland;petland vila gumercindo;rua tupanaci;vila gumercindo;sao paulo;SP;04131-020;;;08/10/2025
petland;petland textil;;;sao paulo;SP;03422-001;;;08/10/2025
petland;petland menino deus;avenida getulio vargas;menino deus;porto alegre;RS;90150-002;;;08/10/2025
petland;petland arvoredo;avenida princesa isabel;parque recreio;contagem;MG;32110-000;;;08/10/2025
petland;petland lajeado;avenida benjamin constant;centro;lajeado;RS;95900-056;;;08/10/2025
petland;petland ipiranga;rua bom pastor;ipiranga;sao paulo;SP;04203-052;;;08/10/2025
petland;petland chacara santo antonio;rua cancioneiro popular;santo amaro;sao paulo;SP;04710-000;;;08/10/2025
petland;petland limeira;rua sete de setembro;centro;limeira;SP;13480-150;;;08/10/2025
petland;petland vila mascote;avenida mascote;vila mascote;sao paulo;SP;04363-000;;;08/10/2025
petland;petland tude bastos;avenida irmaos adorno;sitio do campo;praia grande;SP;11725-320;;;08/10/2025
petland;petland aracatuba;rua sarjob mendes;icaray;aracatuba;SP;16020-360;;;08/10/2025
petland;petland grageru;avenida ministro geraldo barreto sobral;grageru;aracaju;SE;49027-255;;;08/10/2025
petland;petland alianca;rua bom pastor;ipiranga;sao paulo;SP;04203-052;;;08/10/2025
petland;petland outlet premium imigrantes;estrada da cama patente;alvarenga;sao bernardo do campo;SP;09842-100;;;08/10/2025
petland;petland vila a;avenida engenheiro hildemar leite franca;vila residencial a;foz do iguacu;PR;85860-320;;;08/10/2025
petland;petland tapejara;;;tapejara;RS;99950-000;;;08/10/2025
petland;petland  sao mateus;avenida presidente itamar franco;sao mateus;juiz de fora;MG;36016-321;;;08/10/2025
petland;petland rio branco;avenida doutor ulysses guimaraes;vila nogueira;diadema;SP;09990-080;;;08/10/2025
petland;petland parque sao lucas;rua francisco fett;vila paulo silas;sao paulo;SP;03264-000;;;08/10/2025
petland;petland novo eldorado;avenida doutor cincinato cajado braga;novo eldorado;contagem;MG;32341-310;;;08/10/2025
petland;petland mexicao;avenida capitao-mor aguiar;centro;sao vicente;SP;11310-201;;;08/10/2025
petland;petland marco belem;avenida romulo maiorana;marco;belem;PA;66093-672;;;08/10/2025
petland;petland jardim das flores;rua osorio duque estrada;pestana;osasco;SP;06122-000;;;08/10/2025
petland;petland horto florestal;rua izidro roque da silva telo;horto florestal;sorocaba;SP;18074-745;;;08/10/2025
petland;petland parque dos anjos;avenida antonio gomes correa;parque dos anjos;gravatai;RS;94190-300;;;08/10/2025
petland;petland mongagua;;;mongagua;SP;11730-000;;;08/10/2025
petland;petland campo bom;;;campo bom;RS;93700-000;;;08/10/2025
petland;petland brasilio mall;rua brasilio machado;centro;sao bernardo do campo;SP;09715-140;;;08/10/2025
petland;petland bom fim;praca da alfandega;centro historico;porto alegre;RS;90010-150;;;08/10/2025
petland;petland avenida t1;avenida t 1;setor bueno;goiania;GO;74210-025;;;08/10/2025
petland;petland enseada;avenida dom pedro i;enseada;guaruja;SP;11440-000;;;08/10/2025
petland;petland vinhais;rua do arame;vinhais;sao luis;MA;65074-380;;;08/10/2025
petland;petland vila sao francisco;avenida martin luther king;cidade sao francisco;sao paulo;SP;05352-020;;;08/10/2025
petland;petland vila mirim;rua primeiro de maio;mirim;praia grande;SP;11704-710;;;08/10/2025
petland;petland vila madalena;rua natingui;vila madalena;sao paulo;SP;05443-001;;;08/10/2025
petland;petland presidente prudente;rua alvares machado;vila euclides;presidente prudente;SP;19015-450;;;08/10/2025
petland;petland varginha;avenida francisco navarra;centro;varginha;MG;37006-003;;;08/10/2025
petland;petland unai;rua eli pinto de carvalho;cruzeiro;unai;MG;38616-010;;;08/10/2025
petland;petland tirol;avenida hermes da fonseca;tirol;natal;RN;59020-315;;;08/10/2025
petland;petland sao caetano do sul;rua rafael correa sampaio;santa paula;sao caetano do sul;SP;09541-250;;;08/10/2025
petland;petland santos dumont;;;santos dumont;MG;36240-000;;;08/10/2025
petland;petland santo antonio;rua das magnolias;jardim primavera;guaruja;SP;11432-320;;;08/10/2025
petland;petland saboo;rua flaminio levy;saboo;santos;SP;11085-080;;;08/10/2025
petland;petland presidente venceslau;;;presidente venceslau;SP;19400-000;;;08/10/2025
petland;petland presidente vargas;;;presidente venceslau;SP;19400-000;;;08/10/2025
petland;petland petropolis;avenida protasio alves;petropolis;porto alegre;RS;90410-003;;;08/10/2025
petland;petland ilhabela;;;ilhabela;SP;11630-000;;;08/10/2025
petland;petland perdizes;rua apinajes;perdizes;sao paulo;SP;05017-000;;;08/10/2025
petland;petland peninsula;avenida sao marcos;sao marcos;sao luis;MA;65077-310;;;08/10/2025
petland;petland pedro marques;rua pedro marques;centro;itapetininga;SP;18200-270;;;08/10/2025
petland;petland santana pedro doll;rua pedro doll;santana;sao paulo;SP;02404-000;;;08/10/2025
petland;petland paulista;rua bela cintra;consolacao;sao paulo;SP;01415-001;;;08/10/2025
petland;petland parque das americas;rua bolivia;parque das americas;maua;SP;09350-636;;;08/10/2025
petland;petland papini;;;sao paulo;SP;04805-110;;;08/10/2025
petland;petland nicomedes;avenida nicomedes alves dos santos;morada da colina;uberlandia;MG;38411-106;;;08/10/2025
petland;petland nebraska;rua nebraska;brooklin novo;sao paulo;SP;04560-010;;;08/10/2025
petland;petland matozinhos;avenida tome portes del rei;vila santo antonio (matozinhos);sao joao del rei;MG;36305-058;;;08/10/2025
petland;petland pinheiros – mateus grou;rua mateus grou;pinheiros;sao paulo;SP;05415-050;;;08/10/2025
petland;petland jose menino;rua rei jorge vi;jose menino;santos;SP;11065-310;;;08/10/2025
petland;petland jasmim;rua jasmim;chacara primavera;campinas;SP;13087-460;;;08/10/2025
petland;petland jardim dos colibris;avenida josue ferreira da silva;jardim dos colibris;indaiatuba;SP;13349-125;;;08/10/2025
petland;petland janga;avenida doutor claudio jose gueiros leite;janga;paulista;PE;53437-000;;;08/10/2025
petland;petland jaguaribe;avenida flora;bussocaba;osasco;SP;06053-130;;;08/10/2025
petland;petland jaboticabeiras;praca marta de miranda de el rei;padre cursino;taubate;SP;12030-760;;;08/10/2025
petland;petland independencia;avenida independencia;independencia;taubate;SP;12031-000;;;08/10/2025
petland;petland higienopolis;praca vilaboim;higienopolis;sao paulo;SP;01241-010;;;08/10/2025
petland;petland guaianazes otelo;rua otelo augusto ribeiro;guaianazes;sao paulo;SP;08412-000;;;08/10/2025
petland;petland jau;rua general isidoro;chacara braz miraglia;jau;SP;17207-270;;;08/10/2025
petland;petland garcia;;;aracaju;SE;49025-330;;;08/10/2025
petland;petland formiga;avenida doutor henrique braga;centro;formiga;MG;35570-030;;;08/10/2025
petland;petland santa rosa;avenida expedicionario weber;central;santa rosa;RS;98787-000;;;08/10/2025
petland;petland dom nery;rua dom nery;vila embare;valinhos;SP;13271-170;;;08/10/2025
petland;petland dom joaquim;avenida dom joaquim;centro;pelotas;RS;96020-260;;;08/10/2025
petland;petland dom bosco;avenida brigadeiro eduardo gomes;dom bosco;belo horizonte;MG;30850-222;;;08/10/2025
petland;petland cupece;avenida cupece;jardim prudencia;sao paulo;SP;04365-000;;;08/10/2025
petland;petland cidade nova;rua armando salles de oliveira;vila todos os santos;indaiatuba;SP;13330-585;;;08/10/2025
petland;petland bento goncalves;rua olavo bilac;cidade alta;bento goncalves;RS;95700-362;;;08/10/2025
petland;petland canal 3;avenida washington luis;gonzaga;santos;SP;11055-000;;;08/10/2025
petland;petland campo belo;rua conde de porto alegre;campo belo;sao paulo;SP;04608-002;;;08/10/2025
petland;petland cambui;rua dos bandeirantes;cambui;campinas;SP;13024-010;;;08/10/2025
petland;petland botucatu;avenida doutor vital brasil;vila sao lucio;botucatu;SP;18603-193;;;08/10/2025
petland;petland bom retiro;rua olga assuncao;novo horizonte;betim;MG;32606-016;;;08/10/2025
petland;petland benjamin constant;avenida benjamin constant;floresta;porto alegre;RS;90550-005;;;08/10/2025
petland;petland 13 de julho;;;aracaju;SE;49025-630;;;08/10/2025
petland;petland batatais;;;batatais;SP;14300-000;;;08/10/2025
petland;petland barra muriae;rua gil moreira;barra;muriae;MG;36884-112;;;08/10/2025
petland;petland avenida brasil;avenida brasil;vila itapura;campinas;SP;13023-075;;;08/10/2025
petland;petland araguaina;rua vinte e cinco de dezembro;setor central;araguaina;TO;77804-030;;;08/10/2025
petland;petland analia franco;rua professor joao de oliveira torres;jardim analia franco;sao paulo;SP;03337-010;;;08/10/2025
petland;petland aclimacao;avenida da aclimacao;aclimacao;sao paulo;SP;01531-000;;;08/10/2025
petland;petland 5 de novembro;avenida 5 de novembro;vila nastri;itapetininga;SP;18207-320;;;08/10/2025
petland;petland vila mariana;avenida conselheiro rodrigues alves;vila mariana;sao paulo;SP;04014-011;;;08/10/2025
petland;petland vila clementino;rua luis gois;mirandopolis;sao paulo;SP;04043-350;;;08/10/2025
petland;petland turu;avenida sao luis rei de franca;turu;sao luis;MA;65065-470;;;08/10/2025
petland;petland tatuape;rua azevedo soares;vila gomes cardim;sao paulo;SP;03322-002;;;08/10/2025
petland;petland sinop;avenida das itaubas;setor comercial;sinop;MT;78550-196;;;08/10/2025
petland;petland rudge ramos;avenida caminho do mar;rudge ramos;sao bernardo do campo;SP;09609-000;;;08/10/2025
petland;petland rio madeira;avenida prefeito chiquilito erse;embratel;porto velho;RO;76820-763;;;08/10/2025
petland;petland renascenca;avenida jornalista miercio jorge;jardim renascenca;sao luis;MA;65075-675;;;08/10/2025
petland;petland canal 6;avenida doutor epitacio pessoa;boqueirao;santos;SP;11045-301;;;08/10/2025
petland;petland pompeia;rua euclides da cunha;pompeia;santos;SP;11065-101;;;08/10/2025
petland;petland pedreira;;;pedreira;SP;13920-000;;;08/10/2025
petland;petland passos;praca geraldo da silva maia;centro;passos;MG;37900-096;;;08/10/2025
petland;petland parque pinheiros;rua doutor mario augusto pereira;jardim sao paulo;taboao da serra;SP;06767-330;;;08/10/2025
petland;petland oficinas;;;ponta grossa;PR;84045-959;;;08/10/2025
petland;petland mooca;avenida paes de barros;mooca;sao paulo;SP;03114-000;;;08/10/2025
petland;petland moema passaros;avenida pavao;indianopolis;sao paulo;SP;04516-012;;;08/10/2025
petland;petland moema indios;alameda dos nhambiquaras;indianopolis;sao paulo;SP;04090-011;;;08/10/2025
petland;petland marape;rua godofredo fraga;marape;santos;SP;11070-400;;;08/10/2025
petland;petland praia grande mallet;avenida marechal mallet;canto do forte;praia grande;SP;11700-405;;;08/10/2025
petland;petland mackenzie mall;avenida tucunare;tambore;barueri;SP;06460-020;;;08/10/2025
petland;petland joquei clube;avenida joquei clube;joquei;teresina;PI;64049-240;;;08/10/2025
petland;petland joao fiusa;avenida professor joao fiusa;jardim botanico;ribeirao preto;SP;14024-250;;;08/10/2025
petland;petland jardins;rua bela cintra;consolacao;sao paulo;SP;01415-001;;;08/10/2025
petland;petland jaguariuna;avenida antonio pinto catao;loteamento capotuna;jaguariuna;SP;13912-180;;;08/10/2025
petland;petland itarare;avenida presidente wilson;itarare;sao vicente;SP;11320-001;;;08/10/2025
petland;petland homero;avenida homero castelo branco;planalto;teresina;PI;64050-010;;;08/10/2025
petland;petland guilhermina;avenida presidente kennedy;guilhermina;praia grande;SP;11702-205;;;08/10/2025
petland;petland graca;rua da graca;graca;salvador;BA;40150-055;;;08/10/2025
petland;petland embare;avenida doutor epitacio pessoa;boqueirao;santos;SP;11045-300;;;08/10/2025
petland;petland canal 2;avenida doutor bernardino de campos;campo grande;santos;SP;11065-003;;;08/10/2025
petland;petland canal 1;avenida senador pinheiro machado;marape;santos;SP;11075-001;;;08/10/2025
petland;petland campolim;avenida antonio carlos comitre;parque campolim;sorocaba;SP;18047-620;;;08/10/2025
petland;petland boqueirao;rua bento de abreu;boqueirao;santos;SP;11045-140;;;08/10/2025
petland;petland batel;rua comendador araujo;centro;curitiba;PR;80420-000;;;08/10/2025
petland;petland aparecida;rua alexandre martins;aparecida;santos;SP;11025-201;;;08/10/2025
petland;petland alphaville;avenida yojiro takaoka;alphaville;santana de parnaiba;SP;06541-038;;;08/10/2025
petland;petland holandeses;avenida dos holandeses;calhau;sao luis;MA;65071-380;;;08/10/2025
petland;petland cohatrac;rua doze;cohatrac ii;sao luis;MA;65053-820;;;08/10/2025
petland;petland cohama;avenida atlantica;olho dagua;sao luis;MA;65067-430;;;08/10/2025
petland;petland belvedere;avenida luiz paulo franco;belvedere;belo horizonte;MG;30320-570;;;08/10/2025
